{"cameraMode":{"drawMode":0,"name":"Shaded","section":"Shading Mode"},"sceneLighting":true,"audioPlay":false,"sceneViewState":{"showFog":false,"showMaterialUpdate":false,"showSkybox":false,"showFlares":false,"showImageEffects":false,"showParticleSystems":false},"in2DMode":false,"pivot":{"x":0.7680433988571167,"y":-1.291290283203125,"z":-0.7894506454467773},"rotation":{"x":-0.002526377560570836,"y":0.9940237998962402,"z":-0.10657702386379242,"w":-0.02356177754700184},"size":7.666813373565674,"orthographic":false}