{"cameraMode":{"drawMode":0,"name":"Shaded","section":"Shading Mode"},"sceneLighting":true,"audioPlay":false,"sceneViewState":{"showFog":false,"showMaterialUpdate":false,"showSkybox":false,"showFlares":false,"showImageEffects":false,"showParticleSystems":false},"in2DMode":false,"pivot":{"x":244.80828857421876,"y":569.7171630859375,"z":55.70478820800781},"rotation":{"x":0.42820030450820925,"y":0.001355611253529787,"z":-0.0006419771816581488,"w":0.9036847352981567},"size":150.94131469726563,"orthographic":false}