{"cameraMode":{"drawMode":0,"name":"Shaded","section":"Shading Mode"},"sceneLighting":true,"audioPlay":false,"sceneViewState":{"showFog":false,"showMaterialUpdate":false,"showSkybox":false,"showFlares":false,"showImageEffects":false,"showParticleSystems":false},"in2DMode":false,"pivot":{"x":986.8643188476563,"y":934.4191284179688,"z":-36.53076171875},"rotation":{"x":-0.03298467397689819,"y":0.02398461103439331,"z":0.0007920251809991896,"w":0.9991699457168579},"size":2863.132080078125,"orthographic":false}