{"cameraMode":{"drawMode":0,"name":"Shaded","section":"Shading Mode"},"sceneLighting":true,"audioPlay":false,"sceneViewState":{"showFog":false,"showMaterialUpdate":false,"showSkybox":false,"showFlares":false,"showImageEffects":false,"showParticleSystems":false},"in2DMode":false,"pivot":{"x":-0.17511335015296937,"y":-2.6059064865112306,"z":1.0365972518920899},"rotation":{"x":0.09430326521396637,"y":0.034339286386966708,"z":-0.003254778916016221,"w":0.9949467778205872},"size":6.875860214233398,"orthographic":false}